case_id,check,reason
fold-1503,operating_point,v1 default guess fails (full solve)
fold-1528,operating_point,v1 default guess reaches the trickle root (p0 = 176.157 bar)
fresh-001,operating_point,v1 default guess fails (initial guess (Solve was not successful))
fresh-003,operating_point,v1 default guess fails (full solve)
fresh-005,operating_point,v1 default guess fails (full solve)
fresh-006,operating_point,v1 default guess fails (full solve)
nsol1-0524-last,operating_point,v1 default guess fails (initial guess (Solve was not successful))
nsol1-0608-last,operating_point,v1 default guess fails (initial guess (Solve was not successful))
nsol1-0653-last,operating_point,v1 default guess reaches the trickle root (p0 = 136.746 bar)
nsol1-0776-last,operating_point,v1 default guess reaches the trickle root (p0 = 341.174 bar)
nsol1-0986-last,operating_point,v1 default guess fails (initial guess (Solve was not successful))
nsol1-1379-last,operating_point,v1 default guess fails (initial guess (Solve was not successful))
nsol1-1433-last,operating_point,v1 default guess fails (initial guess (Solve was not successful))
nsol1-1892-last,operating_point,v1 default guess reaches the trickle root (p0 = 212.977 bar)
sol1-0053-u05,operating_point,v1 default guess reaches the trickle root (p0 = 283.117 bar)
sol1-0080-d0,operating_point,v1 default guess fails (initial guess (Solve was not successful))
sol1-0145-u05,operating_point,v1 default guess reaches the trickle root (p0 = 164.854 bar)
sol1-0479-u05,operating_point,v1 default guess reaches the trickle root (p0 = 353.325 bar)
sol1-0554-u05,operating_point,v1 default guess reaches the trickle root (p0 = 157.674 bar)
sol1-0569-u05,operating_point,v1 default guess reaches the trickle root (p0 = 425.319 bar)
sol1-0685-d0,operating_point,v1 default guess fails (full solve)
sol1-0746-d0,operating_point,v1 default guess fails (initial guess (Solve was not successful))
sol1-0861-u05,operating_point,v1 default guess reaches the trickle root (p0 = 334.799 bar)
sol1-0963-d0,operating_point,v1 default guess fails (initial guess (Solve was not successful))
sol1-1009-u05,operating_point,v1 default guess reaches the trickle root (p0 = 273.314 bar)
sol1-1166-d0,operating_point,v1 default guess fails (initial guess (Solve was not successful))
sol1-1242-u05,operating_point,v1 default guess reaches the trickle root (p0 = 210.024 bar)
sol1-1278-u05,operating_point,v1 default guess reaches the trickle root (p0 = 183.072 bar)
sol1-1403-u05,operating_point,v1 default guess reaches the trickle root (p0 = 162.557 bar)
sol1-1407-u05,operating_point,v1 default guess reaches the trickle root (p0 = 365.659 bar)
sol1-1456-u05,operating_point,v1 default guess reaches the trickle root (p0 = 159.407 bar)
sol1-1817-u05,operating_point,v1 default guess reaches the trickle root (p0 = 233.087 bar)
sol1-1825-u05,operating_point,v1 default guess reaches the trickle root (p0 = 413.834 bar)
sol1-1946-u05,operating_point,v1 default guess reaches the trickle root (p0 = 198.040 bar)
synth-0164-simpson-pi,operating_point,v1 default guess reaches the trickle root (p0 = 337.937 bar)
