id,crit_two,n_roots,n_stable,n_unstable,v1_default,twh_stable,twh_unstable,drawdown_unstable,unstable_above_stable,secs
911,True,2,1,1,stable,364.5652656935127,277.46825297001243,0.014352239181448567,True,2.86145281791687
545,True,2,1,1,stable,357.8766725005395,277.922272990916,0.30731075849263334,True,11.847033977508545
768,True,2,1,1,stable,326.18475650591614,279.95464282010795,0.25191140371467213,True,5.5067315101623535
908,True,2,1,1,stable,345.47265929509314,277.8142500887111,0.13599774418915445,True,5.837822437286377
245,True,2,1,1,stable,345.19084308548935,277.67886512338526,0.09056027866591876,True,4.495761394500732
832,True,2,1,1,stable,360.6606784241392,277.9346085985303,0.15808557859139682,True,4.029021263122559
533,True,2,1,1,stable,356.6152629532571,278.5340502679451,0.3806870436629879,True,2.5088610649108887
1658,True,2,1,1,stable,335.33387996087515,277.16397204304934,0.0019249169188242377,True,2.317807674407959
59,True,2,1,1,stable,332.43233102583883,278.0727880313906,0.3219438259198171,True,4.2789084911346436
242,True,2,1,1,stable,377.93494096485574,277.2883574986255,0.015744484097865552,True,2.4398422241210938
1621,True,2,1,1,stable,355.016889857077,277.6999789944248,0.14836336214472112,True,2.255021333694458
68,True,2,1,1,stable,381.5642515335152,278.7356917286901,0.33678232577904055,True,6.173759460449219
1803,True,2,1,1,stable,381.5769152712763,277.81286002789057,0.07981901529933566,True,4.861366271972656
805,True,2,1,1,stable,328.12498292350773,277.27303301806165,0.026501148040836142,True,4.093014478683472
165,True,2,1,1,stable,340.1687960875132,277.159095275678,0.0014206256144007057,True,2.4558441638946533
671,True,2,1,1,stable,326.8817114706988,281.2139202752667,0.4725093845470383,True,3.192891836166382
998,True,2,1,1,stable,355.2135656655262,279.0863175368422,0.14845534362973467,True,2.4529871940612793
277,True,2,1,1,stable,315.9243913736721,281.36109413882554,0.17296456585557962,True,2.1691324710845947
614,True,2,1,1,stable,387.28846055312096,282.00500788364815,0.5250753623485593,True,2.9564120769500732
1567,True,2,1,1,stable,352.0845577690933,277.63844049467156,0.06297704440663665,True,2.2426819801330566
1706,True,2,1,1,stable,320.51719991151157,277.6894279555641,0.0532124279817765,True,2.6817448139190674
1847,True,2,1,1,stable,364.196647749233,278.32001566924646,0.6830037475829158,True,4.523041248321533
262,True,2,1,1,stable,344.7563886263685,277.3580140645193,0.01018782191124501,True,2.4186549186706543
807,True,2,1,1,stable,367.84597832354956,289.39130567630224,0.4149515547643432,True,2.4043872356414795
1608,True,2,1,1,stable,334.3148570644511,277.1733823112628,0.016681151716227305,True,3.6383609771728516
1618,True,2,1,1,stable,331.95564054168767,277.5523618290385,0.017781360955893888,True,2.947298526763916
513,True,2,1,1,stable,380.40869067516553,277.2664273130637,0.03840316333463534,True,4.56655740737915
497,True,2,1,1,stable,354.8167234609332,277.8480844834846,0.06518322897846929,True,2.3792762756347656
1499,True,2,1,1,stable,325.51110520410975,277.7769099541174,0.34263641526507627,True,3.467822551727295
414,True,2,1,1,stable,357.570056459859,278.98513136805093,0.4144556113179192,True,3.717512607574463
1007,True,2,1,1,stable,333.9482180673802,279.2367982020554,0.15400605553557511,True,3.092691659927368
1075,True,2,1,1,stable,336.02350045166264,278.52402008248123,0.08501846113591682,True,2.214799404144287
1948,True,2,1,1,stable,334.237956677524,277.3283053005725,0.01289996920769454,True,2.5898282527923584
1845,True,2,1,1,stable,341.54191048851743,278.33604372677513,0.11639759831052743,True,2.968860626220703
1296,True,2,1,1,stable,393.60652220574144,277.5686444289114,0.03832723325643883,True,2.964996337890625
1101,True,2,1,1,stable,364.75906261533356,278.71981843664184,0.14837626995023356,True,2.316819906234741
1701,True,2,1,1,unstable,334.1065354512389,280.22067324079353,0.9580226138185992,True,4.31741738319397
1482,True,2,1,1,stable,322.09549676358796,277.58672142207354,0.10881012731533701,True,3.1730222702026367
610,True,2,1,1,stable,333.6607193215136,277.5692651821202,0.04756505139224032,True,3.5640709400177
929,True,2,1,1,stable,325.25506579403236,277.4260337527243,0.0356910582868295,True,3.931553363800049
891,False,1,1,0,stable,361.3213798823716,,,,2.4581408500671387
1230,False,1,1,0,stable,387.97229859948715,,,,12.052340030670166
129,False,1,1,0,stable,336.70193229274724,,,,2.5979764461517334
659,False,1,1,0,stable,342.91528477410344,,,,2.49423885345459
1137,False,1,1,0,stable,364.68924143754435,,,,6.157302618026733
1506,False,1,1,0,stable,391.9719820841062,,,,6.138902187347412
1590,False,1,1,0,stable,391.63434661990016,,,,3.60267972946167
1683,False,1,1,0,stable,340.22665394376656,,,,4.76939058303833
412,False,1,1,0,stable,342.5353592126056,,,,6.117921352386475
498,False,1,1,0,stable,383.192310741483,,,,2.8824620246887207
